[
  {
    "firstName": "Pornpawee",
    "lastName": "Khummee",
    "email": "khaojaoshakeaw@gmail.com",
    "password": "Khaojao38069",
    "category": "Computer",
    "occupation": "Designer"
  },
  {
    "firstName": "Pornpawee",
    "lastName": "Khummee",
    "email": "khaojaoshakeaw@gmail.com",
    "password": "12345",
    "category": "Scientific",
    "occupation": "Chemist"
  },
  {
    "firstName": "Pornpawee",
    "lastName": "Khummee",
    "email": "kj@gmail.com",
    "password": "12345",
    "category": "Scientific",
    "occupation": "Sociologist"
  },
  {
    "firstName": "Pornpawee",
    "lastName": "Khummee",
    "email": "kjj@gmail.com",
    "password": "123456789",
    "category": "Healthcare",
    "occupation": "Pharmacist"
  }
]